-- phpMyAdmin SQL Dump
-- version 5.2.1
-- https://www.phpmyadmin.net/
--
-- Host: localhost:3306
-- Generation Time: Jan 29, 2024 at 12:32 PM
-- Server version: 5.7.43-cll-lve
-- PHP Version: 7.2.34

SET SQL_MODE = "NO_AUTO_VALUE_ON_ZERO";
START TRANSACTION;
SET time_zone = "+00:00";


/*!40101 SET @OLD_CHARACTER_SET_CLIENT=@@CHARACTER_SET_CLIENT */;
/*!40101 SET @OLD_CHARACTER_SET_RESULTS=@@CHARACTER_SET_RESULTS */;
/*!40101 SET @OLD_COLLATION_CONNECTION=@@COLLATION_CONNECTION */;
/*!40101 SET NAMES utf8mb4 */;

--
-- Database: `supremebgk_supreme`
--

-- --------------------------------------------------------

--
-- Table structure for table `fd`
--

CREATE TABLE `fd` (
  `fd_id` int(50) NOT NULL,
  `cid` int(50) NOT NULL,
  `amount` double NOT NULL,
  `date` date NOT NULL,
  `year` int(11) NOT NULL
) ENGINE=InnoDB DEFAULT CHARSET=utf8mb4;

-- --------------------------------------------------------

--
-- Table structure for table `invest`
--

CREATE TABLE `invest` (
  `id` int(50) NOT NULL,
  `cid` int(50) NOT NULL,
  `regdate` date NOT NULL,
  `invest` double NOT NULL,
  `asign` double NOT NULL,
  `pday` double NOT NULL,
  `pmonth` double NOT NULL,
  `pmode` varchar(10) NOT NULL,
  `img` varchar(100) NOT NULL,
  `year` int(10) NOT NULL,
  `month` varchar(10) NOT NULL,
  `path` varchar(100) NOT NULL
) ENGINE=InnoDB DEFAULT CHARSET=utf8mb4;

--
-- Dumping data for table `invest`
--

INSERT INTO `invest` (`id`, `cid`, `regdate`, `invest`, `asign`, `pday`, `pmonth`, `pmode`, `img`, `year`, `month`, `path`) VALUES
(1, 1, '2023-05-08', 100000, 3, 100, 3000, 'Bank Check', '../img/WhatsApp Image 2023-05-09 at 4.05.12 PM.jpeg', 2023, 'May', ''),
(2, 2, '2023-05-09', 100000, 3, 100, 3000, 'Bank Check', '../img/WhatsApp Image 2023-05-09 at 3.36.45 PM.jpeg', 2023, 'May', ''),
(3, 3, '2023-05-16', 2000000, 3, 2000, 60000, 'Bank Check', '../img/IMG-20230516-WA0015.jpg', 2023, 'May', ''),
(4, 4, '2023-05-21', 50000, 3, 50, 1500, 'Online', '', 2023, 'May', ''),
(5, 6, '2023-05-31', 20000, 3, 20, 600, 'Online', '', 2023, 'May', ''),
(6, 8, '2023-06-28', 200000, 3, 200, 6000, 'Online', '', 2023, 'Jun', ''),
(7, 9, '2023-07-04', 100000, 3, 100, 3000, 'Online', '', 2023, 'Jul', ''),
(8, 7, '2023-07-10', 50000, 3, 50, 1500, 'Online', '', 2023, 'Jul', ''),
(9, 10, '2023-07-10', 50000, 3, 50, 1500, 'Online', '', 2023, 'Jul', ''),
(10, 14, '2023-08-10', 1, 3, 0, 0, 'Online', '', 2023, 'Aug', ''),
(11, 12, '2023-08-01', 50000, 3, 50, 1500, 'Cash', '', 2023, 'Aug', ''),
(12, 14, '2023-08-10', 100000, 3, 100, 3000, 'Online', '', 2023, 'Aug', ''),
(13, 16, '2023-09-10', 100000, 3, 100, 3000, 'Online', '', 2023, 'Sep', ''),
(14, 16, '2023-09-10', 0, 3, 0, 0, 'Online', '', 2023, 'Sep', ''),
(15, 16, '2023-09-10', 0, 3, 0, 0, 'Online', '', 2023, 'Sep', ''),
(16, 17, '2023-09-11', 25000, 3, 25, 750, 'Cash', '', 2023, 'Sep', ''),
(17, 18, '2023-09-11', 100000, 3, 100, 3000, 'Online', '', 2023, 'Sep', ''),
(18, 19, '2023-09-13', 100000, 3, 100, 3000, 'Bank Check', '', 2023, 'Sep', ''),
(19, 20, '2023-09-13', 25000, 3, 25, 750, 'Cash', '', 2023, 'Sep', ''),
(20, 21, '2023-09-13', 25000, 3, 25, 750, 'Cash', '', 2023, 'Sep', ''),
(21, 22, '2023-09-20', 30000, 2.5, 25, 750, 'Cash', '', 2023, 'Sep', ''),
(22, 23, '2023-09-18', 25000, 3, 25, 750, 'Cash', '', 2023, 'Sep', ''),
(23, 24, '2023-10-11', 25000, 3, 25, 750, 'Cash', '', 2023, 'Oct', ''),
(24, 25, '2023-10-19', 800000, 3, 800, 24000, 'Online', '', 2023, 'Oct', ''),
(25, 26, '2023-10-10', 165000, 3, 165, 4950, 'Cash', '', 2023, 'Oct', ''),
(26, 2, '2023-11-01', 40000, 3, 40, 1200, 'Cash', '', 2023, 'Nov', '');

-- --------------------------------------------------------

--
-- Table structure for table `login`
--

CREATE TABLE `login` (
  `logid` int(50) NOT NULL,
  `cid` int(50) NOT NULL,
  `username` varchar(20) NOT NULL,
  `password` varchar(20) NOT NULL,
  `user` varchar(20) NOT NULL
) ENGINE=InnoDB DEFAULT CHARSET=utf8mb4;

--
-- Dumping data for table `login`
--

INSERT INTO `login` (`logid`, `cid`, `username`, `password`, `user`) VALUES
(1, 0, 'supreme', 'supreme2023', 'admin'),
(3, 0, 'admin', 'pass', 'manager'),
(17, 1, '8884346547', 'SAMEENA/MALANABI5757', 'member'),
(20, 2, '7892412765', 'ABDULRAHIMAN4368', 'member'),
(21, 3, '9886646584', 'Roopashree1436', 'member'),
(22, 4, '', 'MAHAMMADFAYAZ9862', 'member'),
(23, 5, '9591077162', 'Shabana Baanu8484', 'member'),
(24, 6, '7022155632', 'Jafar Sadhiq3817', 'member'),
(25, 7, '7411526893', 'Afsar9538', 'member'),
(26, 8, '9742999768', 'HASAN7151', 'member'),
(27, 9, '6360388143', 'DURGA9373', 'member'),
(28, 10, '7411526893', 'MISBA8609', 'member'),
(29, 11, '7795769123', 'Udayakumar6810', 'member'),
(30, 12, '', 'ASHWINI6444', 'member'),
(31, 13, '9449342333', 'T. LAKSHMAN RAO7919', 'member'),
(32, 14, '7019684502', 'MAHEK1438', 'member'),
(33, 15, '9036530418', 'Mukthar1262', 'member'),
(34, 16, '8105613265', 'LAKSHMI9529', 'member'),
(35, 17, '8400092331', 'ALOK4828', 'member'),
(36, 18, '7353764707', 'C3907', 'member'),
(37, 19, '7892985831', 'SAMUEL7106', 'member'),
(38, 20, '8123312337', 'Shivakumar3850', 'member'),
(39, 21, '', 'Chandrashekhar6837', 'member'),
(40, 22, '9880732702', 'Hulagappa5944', 'member'),
(41, 23, '', 'Uma2760', 'member'),
(42, 24, '9741498809', 'Suvarna5121', 'member'),
(43, 25, '9902750686', 'Chandrashekar5442', 'member'),
(44, 26, '', 'Laxman5637', 'member');

-- --------------------------------------------------------

--
-- Table structure for table `log_info`
--

CREATE TABLE `log_info` (
  `logg_id` bigint(50) NOT NULL,
  `cid` bigint(50) NOT NULL,
  `login` datetime NOT NULL,
  `logout` datetime NOT NULL
) ENGINE=InnoDB DEFAULT CHARSET=utf8mb4;

--
-- Dumping data for table `log_info`
--

INSERT INTO `log_info` (`logg_id`, `cid`, `login`, `logout`) VALUES
(1, 0, '2023-05-05 16:41:44', '0000-00-00 00:00:00'),
(2, 0, '2023-05-05 17:11:02', '2023-05-05 17:14:11'),
(3, 0, '2023-05-05 17:14:37', '0000-00-00 00:00:00'),
(4, 0, '2023-05-06 16:15:47', '0000-00-00 00:00:00'),
(5, 0, '2023-05-08 10:29:16', '0000-00-00 00:00:00'),
(6, 0, '2023-05-08 10:32:47', '0000-00-00 00:00:00'),
(7, 0, '2023-05-08 12:34:03', '0000-00-00 00:00:00'),
(8, 0, '2023-05-08 12:52:02', '0000-00-00 00:00:00'),
(9, 0, '2023-05-08 13:16:10', '0000-00-00 00:00:00'),
(10, 0, '2023-05-08 13:56:56', '0000-00-00 00:00:00'),
(11, 0, '2023-05-08 14:01:16', '0000-00-00 00:00:00'),
(12, 0, '2023-05-08 19:26:56', '2023-05-08 21:07:58'),
(13, 0, '2023-05-09 10:51:40', '0000-00-00 00:00:00'),
(14, 0, '2023-05-09 10:57:51', '0000-00-00 00:00:00'),
(15, 0, '2023-05-09 11:25:17', '2023-05-09 11:52:19'),
(16, 0, '2023-05-09 13:21:13', '2023-05-09 13:47:18'),
(17, 0, '2023-05-09 15:16:24', '0000-00-00 00:00:00'),
(18, 0, '2023-05-09 15:45:22', '2023-05-09 16:40:15'),
(19, 0, '2023-05-09 16:55:12', '2023-05-09 18:58:49'),
(20, 2, '2023-05-09 17:12:01', '0000-00-00 00:00:00'),
(21, 1, '2023-05-09 17:13:59', '2023-05-09 17:17:07'),
(22, 2, '2023-05-09 18:59:35', '2023-05-09 19:07:37'),
(23, 0, '2023-05-09 19:07:41', '2023-05-09 19:07:56'),
(24, 2, '2023-05-09 19:07:59', '0000-00-00 00:00:00'),
(25, 0, '2023-05-09 19:11:39', '0000-00-00 00:00:00'),
(26, 2, '2023-05-09 19:14:48', '0000-00-00 00:00:00'),
(27, 2, '2023-05-09 20:10:01', '0000-00-00 00:00:00'),
(28, 0, '2023-05-10 10:35:42', '2023-05-10 10:41:16'),
(29, 2, '2023-05-10 10:38:07', '0000-00-00 00:00:00'),
(30, 1, '2023-05-10 15:11:59', '0000-00-00 00:00:00'),
(31, 0, '2023-05-10 15:25:51', '2023-05-10 15:26:07'),
(32, 2, '2023-05-10 20:15:38', '0000-00-00 00:00:00'),
(33, 0, '2023-05-10 20:19:43', '2023-05-10 20:22:03'),
(34, 0, '2023-05-11 10:55:16', '0000-00-00 00:00:00'),
(35, 2, '2023-05-11 11:34:53', '0000-00-00 00:00:00'),
(36, 0, '2023-05-11 17:33:18', '0000-00-00 00:00:00'),
(37, 2, '2023-05-12 07:37:01', '0000-00-00 00:00:00'),
(38, 0, '2023-05-12 07:37:44', '2023-05-12 07:38:32'),
(39, 2, '2023-05-12 07:38:36', '2023-05-12 07:41:59'),
(40, 0, '2023-05-12 07:42:54', '0000-00-00 00:00:00'),
(41, 0, '2023-05-12 11:31:51', '0000-00-00 00:00:00'),
(42, 0, '2023-05-12 13:29:42', '2023-05-12 13:37:26'),
(43, 1, '2023-05-12 13:34:41', '0000-00-00 00:00:00'),
(44, 0, '2023-05-12 17:06:07', '2023-05-12 17:09:56'),
(45, 1, '2023-05-15 08:07:23', '2023-05-15 08:08:14'),
(46, 1, '2023-05-16 17:31:48', '0000-00-00 00:00:00'),
(47, 1, '2023-05-17 10:56:01', '0000-00-00 00:00:00'),
(48, 0, '2023-05-17 11:38:28', '0000-00-00 00:00:00'),
(49, 1, '2023-05-18 11:44:22', '0000-00-00 00:00:00'),
(50, 0, '2023-05-18 11:48:58', '2023-05-18 11:50:31'),
(51, 0, '2023-05-18 12:11:59', '0000-00-00 00:00:00'),
(52, 2, '2023-05-18 12:14:09', '0000-00-00 00:00:00'),
(53, 2, '2023-05-18 12:14:09', '0000-00-00 00:00:00'),
(54, 2, '2023-05-18 13:55:11', '0000-00-00 00:00:00'),
(55, 2, '2023-05-18 13:55:42', '0000-00-00 00:00:00'),
(56, 0, '2023-05-18 15:34:14', '0000-00-00 00:00:00'),
(57, 0, '2023-05-19 11:10:59', '0000-00-00 00:00:00'),
(58, 0, '2023-05-19 12:44:00', '0000-00-00 00:00:00'),
(59, 0, '2023-05-19 12:44:26', '0000-00-00 00:00:00'),
(60, 0, '2023-05-19 12:46:56', '0000-00-00 00:00:00'),
(61, 0, '2023-05-19 12:59:20', '0000-00-00 00:00:00'),
(62, 0, '2023-05-20 13:17:34', '2023-05-20 17:04:45'),
(63, 0, '2023-05-21 19:15:40', '0000-00-00 00:00:00'),
(64, 0, '2023-05-22 09:55:03', '2023-05-22 10:18:31'),
(65, 0, '2023-05-23 20:23:12', '0000-00-00 00:00:00'),
(66, 0, '2023-05-24 07:58:07', '0000-00-00 00:00:00'),
(67, 0, '2023-05-24 11:46:35', '0000-00-00 00:00:00'),
(68, 0, '2023-05-24 11:51:03', '2023-05-24 12:24:50'),
(69, 2, '2023-05-24 12:16:10', '2023-05-24 12:16:26'),
(70, 1, '2023-05-24 12:16:30', '0000-00-00 00:00:00'),
(71, 0, '2023-05-26 12:33:47', '2023-05-26 12:39:15'),
(72, 0, '2023-05-27 11:26:22', '0000-00-00 00:00:00'),
(73, 0, '2023-05-29 13:20:37', '0000-00-00 00:00:00'),
(74, 0, '2023-06-01 13:13:35', '2023-06-01 14:00:25'),
(75, 0, '2023-06-02 11:09:25', '0000-00-00 00:00:00'),
(76, 0, '2023-06-02 11:15:41', '0000-00-00 00:00:00'),
(77, 0, '2023-06-02 12:08:59', '0000-00-00 00:00:00'),
(78, 0, '2023-06-04 11:58:44', '2023-06-04 12:28:30'),
(79, 0, '2023-06-08 14:11:48', '2023-06-08 14:13:51'),
(80, 0, '2023-06-13 13:25:21', '2023-06-13 13:31:56'),
(81, 0, '2023-06-16 11:20:37', '2023-06-16 11:48:26'),
(82, 0, '2023-06-16 11:48:31', '0000-00-00 00:00:00'),
(83, 0, '2023-06-22 17:40:03', '2023-06-22 17:49:50'),
(84, 0, '2023-06-23 12:07:33', '2023-06-23 12:15:56'),
(85, 0, '2023-06-24 22:45:35', '0000-00-00 00:00:00'),
(86, 0, '2023-06-24 22:45:36', '0000-00-00 00:00:00'),
(87, 0, '2023-06-26 13:03:32', '0000-00-00 00:00:00'),
(88, 0, '2023-06-26 13:10:15', '0000-00-00 00:00:00'),
(89, 0, '2023-06-26 13:10:41', '2023-06-26 13:11:21'),
(90, 0, '2023-07-01 16:26:43', '0000-00-00 00:00:00'),
(91, 0, '2023-07-02 12:08:51', '0000-00-00 00:00:00'),
(92, 0, '2023-07-02 12:51:28', '2023-07-02 13:16:19'),
(93, 0, '2023-07-03 11:33:34', '0000-00-00 00:00:00'),
(94, 0, '2023-07-03 12:30:54', '0000-00-00 00:00:00'),
(95, 0, '2023-07-03 16:06:40', '0000-00-00 00:00:00'),
(96, 0, '2023-07-04 06:28:41', '0000-00-00 00:00:00'),
(97, 0, '2023-07-04 06:32:31', '0000-00-00 00:00:00'),
(98, 0, '2023-07-05 12:44:20', '0000-00-00 00:00:00'),
(99, 0, '2023-07-09 02:31:15', '0000-00-00 00:00:00'),
(100, 0, '2023-07-10 13:20:45', '0000-00-00 00:00:00'),
(101, 0, '2023-07-10 13:25:16', '0000-00-00 00:00:00'),
(102, 0, '2023-07-10 13:25:16', '2023-07-10 13:38:35'),
(103, 0, '2023-07-10 18:03:28', '0000-00-00 00:00:00'),
(104, 0, '2023-07-11 21:02:24', '0000-00-00 00:00:00'),
(105, 0, '2023-07-12 14:23:09', '0000-00-00 00:00:00'),
(106, 0, '2023-07-12 14:25:14', '2023-07-12 14:27:24'),
(107, 0, '2023-07-15 11:43:38', '2023-07-15 11:50:16'),
(108, 0, '2023-07-17 13:08:38', '0000-00-00 00:00:00'),
(109, 0, '2023-07-22 18:49:00', '2023-07-22 18:51:50'),
(110, 0, '2023-07-24 11:10:06', '0000-00-00 00:00:00'),
(111, 0, '2023-07-24 11:20:04', '2023-07-24 11:46:58'),
(112, 0, '2023-07-26 12:00:35', '0000-00-00 00:00:00'),
(113, 0, '2023-07-28 14:20:44', '2023-07-28 14:27:27'),
(114, 0, '2023-07-30 16:45:11', '2023-07-30 16:47:50'),
(115, 0, '2023-07-31 12:15:26', '0000-00-00 00:00:00'),
(116, 0, '2023-08-01 13:44:22', '0000-00-00 00:00:00'),
(117, 0, '2023-08-01 13:44:25', '0000-00-00 00:00:00'),
(118, 0, '2023-08-01 13:47:00', '0000-00-00 00:00:00'),
(119, 0, '2023-08-01 13:51:47', '0000-00-00 00:00:00'),
(120, 0, '2023-08-01 13:51:48', '0000-00-00 00:00:00'),
(121, 0, '2023-08-01 14:20:48', '0000-00-00 00:00:00'),
(122, 0, '2023-08-03 09:12:28', '0000-00-00 00:00:00'),
(123, 0, '2023-08-03 09:12:29', '0000-00-00 00:00:00'),
(124, 0, '2023-08-03 15:18:27', '0000-00-00 00:00:00'),
(125, 0, '2023-08-03 15:24:39', '0000-00-00 00:00:00'),
(126, 0, '2023-08-03 15:52:47', '0000-00-00 00:00:00'),
(127, 0, '2023-08-03 23:52:47', '0000-00-00 00:00:00'),
(128, 0, '2023-08-10 14:29:04', '0000-00-00 00:00:00'),
(129, 0, '2023-08-10 14:29:06', '0000-00-00 00:00:00'),
(130, 0, '2023-08-10 14:41:21', '0000-00-00 00:00:00'),
(131, 7, '2023-08-10 17:33:32', '0000-00-00 00:00:00'),
(132, 0, '2023-08-14 19:36:39', '2023-08-14 19:43:58'),
(133, 0, '2023-08-14 19:50:16', '2023-08-14 19:52:33'),
(134, 0, '2023-08-14 19:53:48', '0000-00-00 00:00:00'),
(135, 0, '2023-08-14 19:56:43', '0000-00-00 00:00:00'),
(136, 0, '2023-08-18 10:49:38', '0000-00-00 00:00:00'),
(137, 0, '2023-08-22 14:01:27', '0000-00-00 00:00:00'),
(138, 7, '2023-08-25 17:34:29', '0000-00-00 00:00:00'),
(139, 0, '2023-08-25 17:37:40', '0000-00-00 00:00:00'),
(140, 0, '2023-09-04 11:36:08', '2023-09-04 11:36:51'),
(141, 0, '2023-09-04 11:58:27', '0000-00-00 00:00:00'),
(142, 0, '2023-09-05 22:31:46', '0000-00-00 00:00:00'),
(143, 0, '2023-09-05 22:37:47', '0000-00-00 00:00:00'),
(144, 0, '2023-09-06 14:03:58', '0000-00-00 00:00:00'),
(145, 0, '2023-09-07 08:16:57', '0000-00-00 00:00:00'),
(146, 0, '2023-09-07 18:22:13', '0000-00-00 00:00:00'),
(147, 0, '2023-09-11 09:48:17', '0000-00-00 00:00:00'),
(148, 16, '2023-09-11 10:22:26', '0000-00-00 00:00:00'),
(149, 16, '2023-09-11 10:24:21', '0000-00-00 00:00:00'),
(150, 16, '2023-09-11 10:33:37', '0000-00-00 00:00:00'),
(151, 17, '2023-09-11 12:12:30', '0000-00-00 00:00:00'),
(152, 17, '2023-09-11 12:24:56', '0000-00-00 00:00:00'),
(153, 16, '2023-09-11 12:27:28', '0000-00-00 00:00:00'),
(154, 16, '2023-09-11 13:58:08', '0000-00-00 00:00:00'),
(155, 0, '2023-09-11 16:35:39', '0000-00-00 00:00:00'),
(156, 0, '2023-09-11 16:45:53', '0000-00-00 00:00:00'),
(157, 0, '2023-09-11 16:55:18', '0000-00-00 00:00:00'),
(158, 17, '2023-09-12 09:34:28', '2023-09-12 09:39:23'),
(159, 17, '2023-09-12 09:52:22', '2023-09-12 10:01:24'),
(160, 17, '2023-09-12 13:40:03', '0000-00-00 00:00:00'),
(161, 0, '2023-09-12 14:20:02', '0000-00-00 00:00:00'),
(162, 0, '2023-09-12 14:37:10', '0000-00-00 00:00:00'),
(163, 0, '2023-09-12 15:42:17', '0000-00-00 00:00:00'),
(164, 18, '2023-09-12 18:32:24', '0000-00-00 00:00:00'),
(165, 0, '2023-09-13 05:34:31', '0000-00-00 00:00:00'),
(166, 17, '2023-09-13 05:37:42', '0000-00-00 00:00:00'),
(167, 17, '2023-09-13 06:43:16', '0000-00-00 00:00:00'),
(168, 16, '2023-09-13 08:19:00', '0000-00-00 00:00:00'),
(169, 0, '2023-09-13 09:06:33', '0000-00-00 00:00:00'),
(170, 0, '2023-09-13 13:53:49', '0000-00-00 00:00:00'),
(171, 0, '2023-09-13 13:55:44', '0000-00-00 00:00:00'),
(172, 0, '2023-09-13 18:27:02', '0000-00-00 00:00:00'),
(173, 0, '2023-09-13 19:20:15', '0000-00-00 00:00:00'),
(174, 17, '2023-09-14 14:31:20', '0000-00-00 00:00:00'),
(175, 0, '2023-09-15 16:14:18', '0000-00-00 00:00:00'),
(176, 17, '2023-09-16 10:43:18', '0000-00-00 00:00:00'),
(177, 19, '2023-09-17 10:12:48', '2023-09-17 10:56:04'),
(178, 0, '2023-09-18 17:52:09', '2023-09-18 17:56:21'),
(179, 16, '2023-09-19 12:52:57', '0000-00-00 00:00:00'),
(180, 0, '2023-09-19 14:00:19', '2023-09-19 14:09:42'),
(181, 0, '2023-09-20 17:15:27', '0000-00-00 00:00:00'),
(182, 0, '2023-09-20 20:26:11', '2023-09-20 20:30:58'),
(183, 20, '2023-09-20 20:26:24', '0000-00-00 00:00:00'),
(184, 1, '2023-09-20 20:31:01', '2023-09-20 20:33:38'),
(185, 0, '2023-09-20 20:33:42', '2023-09-20 20:51:49'),
(186, 20, '2023-09-20 20:52:10', '0000-00-00 00:00:00'),
(187, 0, '2023-09-21 06:33:34', '2023-09-21 06:38:34'),
(188, 20, '2023-09-21 06:40:19', '2023-09-21 06:44:51'),
(189, 1, '2023-09-21 06:45:00', '0000-00-00 00:00:00'),
(190, 7, '2023-09-21 07:16:11', '0000-00-00 00:00:00'),
(191, 7, '2023-09-21 07:16:12', '0000-00-00 00:00:00'),
(192, 1, '2023-09-22 11:07:58', '2023-09-22 11:08:04'),
(193, 0, '2023-09-22 11:08:07', '0000-00-00 00:00:00'),
(194, 0, '2023-09-22 17:40:08', '0000-00-00 00:00:00'),
(195, 0, '2023-09-23 12:56:37', '0000-00-00 00:00:00'),
(196, 17, '2023-09-23 17:24:42', '0000-00-00 00:00:00'),
(197, 0, '2023-09-25 18:41:48', '0000-00-00 00:00:00'),
(198, 0, '2023-09-25 18:41:49', '0000-00-00 00:00:00'),
(199, 16, '2023-09-26 13:29:32', '0000-00-00 00:00:00'),
(200, 1, '2023-09-26 16:39:38', '0000-00-00 00:00:00'),
(201, 2, '2023-09-26 19:09:49', '2023-09-26 19:11:01'),
(202, 1, '2023-09-26 19:11:04', '0000-00-00 00:00:00'),
(203, 0, '2023-09-29 14:20:02', '2023-09-29 14:21:03'),
(204, 0, '2023-09-29 14:22:19', '2023-09-29 14:23:18'),
(205, 5, '2023-09-29 14:23:46', '2023-09-29 14:26:34'),
(206, 0, '2023-09-29 14:26:37', '2023-09-29 14:27:02'),
(207, 1, '2023-09-29 14:27:05', '2023-09-29 14:28:07'),
(208, 0, '2023-09-29 14:28:19', '2023-09-29 14:29:01'),
(209, 20, '2023-09-29 14:30:01', '2023-09-29 14:30:25'),
(210, 0, '2023-09-30 17:21:26', '2023-09-30 17:25:57'),
(211, 19, '2023-10-01 06:55:09', '2023-10-01 06:56:31'),
(212, 0, '2023-10-03 09:52:01', '0000-00-00 00:00:00'),
(213, 0, '2023-10-03 10:10:49', '0000-00-00 00:00:00'),
(214, 0, '2023-10-03 10:39:23', '0000-00-00 00:00:00'),
(215, 16, '2023-10-03 19:48:18', '0000-00-00 00:00:00'),
(216, 16, '2023-10-03 19:48:49', '0000-00-00 00:00:00'),
(217, 0, '2023-10-04 20:16:12', '0000-00-00 00:00:00'),
(218, 19, '2023-10-05 01:11:41', '2023-10-05 01:12:40'),
(219, 0, '2023-10-06 15:46:22', '0000-00-00 00:00:00'),
(220, 17, '2023-10-09 14:15:47', '0000-00-00 00:00:00'),
(221, 0, '2023-10-11 09:09:55', '0000-00-00 00:00:00'),
(222, 0, '2023-10-11 18:03:09', '0000-00-00 00:00:00'),
(223, 0, '2023-10-11 18:42:18', '0000-00-00 00:00:00'),
(224, 19, '2023-10-12 19:01:14', '0000-00-00 00:00:00'),
(225, 0, '2023-10-13 09:11:04', '0000-00-00 00:00:00'),
(226, 0, '2023-10-13 15:33:19', '0000-00-00 00:00:00'),
(227, 0, '2023-10-15 11:19:36', '0000-00-00 00:00:00'),
(228, 0, '2023-10-16 22:13:21', '0000-00-00 00:00:00'),
(229, 0, '2023-10-17 09:11:37', '0000-00-00 00:00:00'),
(230, 16, '2023-10-17 19:13:57', '0000-00-00 00:00:00'),
(231, 19, '2023-10-18 19:32:19', '0000-00-00 00:00:00'),
(232, 0, '2023-10-20 11:55:10', '0000-00-00 00:00:00'),
(233, 0, '2023-10-20 13:51:27', '0000-00-00 00:00:00'),
(234, 0, '2023-10-20 21:04:44', '0000-00-00 00:00:00'),
(235, 0, '2023-10-20 21:05:05', '0000-00-00 00:00:00'),
(236, 0, '2023-10-20 21:06:35', '0000-00-00 00:00:00'),
(237, 0, '2023-10-22 19:27:32', '0000-00-00 00:00:00'),
(238, 17, '2023-10-24 09:28:41', '2023-10-24 09:30:04'),
(239, 0, '2023-10-25 09:06:45', '2023-10-25 09:35:08'),
(240, 0, '2023-10-25 13:07:12', '0000-00-00 00:00:00'),
(241, 0, '2023-10-27 20:57:49', '2023-10-27 20:58:39'),
(242, 0, '2023-10-30 12:11:32', '0000-00-00 00:00:00'),
(243, 0, '2023-11-01 11:33:55', '0000-00-00 00:00:00'),
(244, 0, '2023-11-02 11:33:07', '0000-00-00 00:00:00'),
(245, 0, '2023-11-02 11:40:50', '0000-00-00 00:00:00'),
(246, 0, '2023-11-02 14:19:17', '0000-00-00 00:00:00'),
(247, 0, '2023-11-03 13:04:09', '0000-00-00 00:00:00'),
(248, 0, '2023-11-06 13:14:59', '0000-00-00 00:00:00'),
(249, 0, '2023-12-03 12:22:54', '0000-00-00 00:00:00'),
(250, 0, '2023-12-05 12:40:49', '0000-00-00 00:00:00'),
(251, 0, '2023-12-05 13:19:28', '0000-00-00 00:00:00'),
(252, 0, '2023-12-06 20:49:04', '0000-00-00 00:00:00'),
(253, 0, '2023-12-17 11:14:26', '0000-00-00 00:00:00'),
(254, 0, '2023-12-19 21:44:13', '0000-00-00 00:00:00'),
(255, 0, '2024-01-03 13:00:41', '0000-00-00 00:00:00'),
(256, 0, '2024-01-03 14:53:14', '0000-00-00 00:00:00'),
(257, 0, '2024-01-04 11:02:01', '0000-00-00 00:00:00'),
(258, 0, '2024-01-04 11:51:46', '0000-00-00 00:00:00'),
(259, 0, '2024-01-11 12:59:12', '0000-00-00 00:00:00'),
(260, 0, '2024-01-11 13:07:16', '0000-00-00 00:00:00'),
(261, 0, '2024-01-11 13:30:06', '0000-00-00 00:00:00'),
(262, 0, '2024-01-11 13:30:23', '2024-01-11 13:34:46'),
(263, 3, '2024-01-11 13:37:19', '2024-01-11 13:41:42'),
(264, 0, '2024-01-11 13:41:46', '2024-01-11 13:47:57'),
(265, 0, '2024-01-17 10:55:55', '0000-00-00 00:00:00'),
(266, 0, '2024-01-23 12:05:03', '0000-00-00 00:00:00');

-- --------------------------------------------------------

--
-- Table structure for table `log_permission`
--

CREATE TABLE `log_permission` (
  `log_per_id` bigint(50) NOT NULL,
  `set_time` datetime(6) NOT NULL,
  `end_time` datetime(6) NOT NULL,
  `user` varchar(50) NOT NULL
) ENGINE=InnoDB DEFAULT CHARSET=utf8mb4;

--
-- Dumping data for table `log_permission`
--

INSERT INTO `log_permission` (`log_per_id`, `set_time`, `end_time`, `user`) VALUES
(1, '2023-05-08 11:23:00.000000', '2023-05-09 11:24:00.000000', 'admin'),
(2, '2023-05-09 11:29:00.000000', '2023-05-09 11:27:40.000000', 'admin'),
(3, '2023-05-09 11:31:00.000000', '2023-05-09 04:35:37.000000', 'admin'),
(4, '2023-05-09 04:39:00.000000', '2023-05-09 04:37:20.000000', 'admin'),
(5, '2023-05-08 04:44:00.000000', '2023-05-09 04:41:59.000000', 'admin'),
(6, '2023-05-09 04:45:00.000000', '2023-05-09 04:43:48.000000', 'admin'),
(7, '2023-05-09 04:46:00.000000', '2023-05-09 04:44:22.000000', 'admin'),
(8, '2023-05-09 04:55:00.000000', '2023-05-09 04:55:13.000000', 'admin'),
(9, '2023-05-09 04:57:00.000000', '2023-06-09 04:58:00.000000', 'admin'),
(10, '2023-08-03 10:23:00.000000', '2023-10-30 10:23:00.000000', 'admin'),
(11, '2024-01-11 01:30:00.000000', '2024-04-30 01:30:00.000000', 'admin');

-- --------------------------------------------------------

--
-- Table structure for table `referal`
--

CREATE TABLE `referal` (
  `refid` int(50) NOT NULL,
  `id` int(50) NOT NULL,
  `refcid` int(50) NOT NULL,
  `refasign` double NOT NULL,
  `refpday` double NOT NULL,
  `refpmonth` double NOT NULL
) ENGINE=InnoDB DEFAULT CHARSET=utf8mb4;

--
-- Dumping data for table `referal`
--

INSERT INTO `referal` (`refid`, `id`, `refcid`, `refasign`, `refpday`, `refpmonth`) VALUES
(2, 0, 0, 0, 0, 0),
(3, 3, 0, 0, 0, 0),
(4, 3, 0, 0, 0, 0),
(5, 2, 1, 0.25, 8, 250),
(6, 2, 0, 0, 0, 0),
(7, 3, 0, 0, 0, 0),
(9, 5, 5, 0.5, 17, 500),
(10, 6, 5, 0.5, 33, 1000),
(11, 7, 7, 0.5, 17, 500),
(13, 9, 7, 0.5, 8, 250),
(15, 4, 5, 0.5, 8, 250),
(16, 8, 5, 0.5, 8, 250),
(17, 1, 5, 0.5, 17, 500),
(18, 10, 7, 0.5, 0, 0),
(19, 10, 0, 0, 0, 0),
(20, 10, 0, 0, 0, 0),
(21, 11, 5, 0, 0, 0),
(22, 12, 7, 0.5, 17, 500),
(23, 15, 7, 0.5, 17, 500),
(24, 16, 7, 0.5, 4, 125),
(25, 17, 9, 0.5, 17, 500),
(26, 18, 7, 0.5, 17, 500),
(27, 19, 8, 0, 0, 0),
(28, 20, 20, 0.5, 4, 125),
(29, 21, 7, 1, 10, 300),
(30, 22, 21, 0.5, 4, 125),
(31, 23, 21, 0.5, 0, 0),
(32, 24, 23, 0.5, 133, 4000),
(33, 24, 21, 0.5, 133, 4000),
(34, 25, 24, 0.5, 28, 825),
(35, 26, 0, 0, 0, 0);

-- --------------------------------------------------------

--
-- Table structure for table `register`
--

CREATE TABLE `register` (
  `cid` int(50) NOT NULL,
  `regdate` date NOT NULL,
  `fname` varchar(20) NOT NULL,
  `mname` varchar(20) NOT NULL,
  `lname` varchar(20) NOT NULL,
  `mobile` varchar(12) NOT NULL,
  `email` varchar(30) NOT NULL,
  `pan` varchar(30) NOT NULL,
  `address` varchar(60) NOT NULL,
  `blood` varchar(10) NOT NULL,
  `gender` varchar(10) NOT NULL,
  `bank` varchar(100) NOT NULL,
  `account` varchar(30) CHARACTER SET latin1 NOT NULL,
  `ifsc` varchar(20) NOT NULL,
  `branch` varchar(30) NOT NULL,
  `nominee` varchar(20) NOT NULL,
  `relation` varchar(30) NOT NULL,
  `full` varchar(100) NOT NULL
) ENGINE=InnoDB DEFAULT CHARSET=utf8mb4;

--
-- Dumping data for table `register`
--

INSERT INTO `register` (`cid`, `regdate`, `fname`, `mname`, `lname`, `mobile`, `email`, `pan`, `address`, `blood`, `gender`, `bank`, `account`, `ifsc`, `branch`, `nominee`, `relation`, `full`) VALUES
(1, '2023-05-08', 'SAMEENA/MALANABI', 'YAMANURSAB', 'KURAHATTI', '8884346547', 'malanabikurahatti@gmail.com', 'HGYPK8172E', 'Plot No 26 Sector No 47 Navanagar Bagalkot', 'B+', 'Female', 'State Bank of india', '40982891625', 'SBIN0040526', 'Bangalore', 'AMEENSAB T BEWOOR', 'Husband', 'SAMEENA/MALANABI YAMANURSAB KURAHATTI'),
(2, '2023-05-09', 'ABDULRAHIMAN ', 'USMANSAB', 'BEWOOR', '7892412765', 'abdulap444@gmail.com', 'BTPPB6439R', 'Plot no 3/C Sector No 47 Navanagar Bagalkot', 'A+', 'Male', 'Canara Bank ', '4211101000022', 'CNRB0004211', 'Navanagar Bagalkot', 'Aminbee', 'MOTHER', 'ABDULRAHIMAN  USMANSAB BEWOOR'),
(3, '2023-05-16', 'Roopashree', 'Manjunath', 'Neelannavar', '9886646584', 'msn4969@gmail.com', 'AHZPN0327P', 'H No. 3143, Ramathirth nagar, behind Uday school, Belgaum', 'O+', 'Female', 'State bank of india', '10988725418', 'SBIN0008789', 'Malamaruti Belagavi', 'Manjunath', 'Husband', 'Roopashree Manjunath Neelannavar'),
(4, '2023-05-21', 'MAHAMMADFAYAZ', 'MAKTUMHUSENI', 'JAMAKHANAD', '9972779126', 'MFAYAZJAMAKHANAD2012@GMAIL.COM', 'CISPJ9172Q', 'SHIVAPETE 8TH CROSS RON.TQ.RON. DISTIC.GADAG', 'B+', 'Male', 'State Bsnk of India', '42469738395', 'SBIN0002264', 'Sbi Rona', 'MAKTUMHUSENI', 'Father', 'MAHAMMADFAYAZ MAKTUMHUSENI JAMAKHANAD'),
(5, '2023-05-31', 'Shabana Baanu', 'Hasan', 'Bewoor', '9591077162', 'shabanahbewoor@gmail.com', 'FVBPB8156B', 'PLOT NO 26 SECTOR NO 47  NAVANAGAR BAGALKOT', 'AB+', 'Female', 'Canara Bank ', '08532200044019', 'CNRB0010853', 'Navanagae Bagalkot', 'HASAN TIPUSULTAN BEW', 'Husband', 'Shabana Baanu Hasan Bewoor'),
(6, '2023-05-31', 'Jafar Sadhiq ', 'Aminsab', 'Nadaf', '7022155632', 'jafarsadhiqnadaf1999@gmail.com', 'BUDPN1033J', 'Sector No 2 Navanagar', 'B+', 'Male', 'State Bank of India', '20495830299', 'SBIN0004452', 'Navanagar Bagalkot', 'Jubeda begum', 'Mother', 'Jafar Sadhiq  Aminsab Nadaf'),
(7, '2023-06-16', 'Afsar ', 'Banu', 'M', '7411526893', 'mukthar.mudgal@gmail.com', 'ANZPA6580D', 'Ward no 3 Behind Skvvs School Male Malleshwar Nagar Gangavat', 'A+', 'Female', 'State Bank of India', '64038831447', 'SBIN0009752', 'GANGAVATI', 'Mukthar M', 'Husband', 'Afsar  Banu M'),
(8, '2023-06-28', 'HASAN', 'TIPUSULTAN', 'BEWOOR', '9742999768', 'hasan143.@gmail.com', 'ANYPB2589G', 'PLOT NO 26 SECTOR NO 47  NAVANAGAR BAGALKOT', 'B+', 'Male', 'HDFC BANK', '50200079077299', 'HDFC0000767', 'BAGALKOT', 'SHABANA BAANU', 'WIFE', 'HASAN TIPUSULTAN BEWOOR'),
(9, '2023-07-04', 'DURGA', 'SHRAVANI', '.', '6360388143', 'sravani.ravi7@gmail.com', 'FFVPS4456D', 'Kotiah Camp, Gangavati', 'A+', 'Female', 'Union Bank ', '286410100039160', 'UBIN0828645', 'Shriramnagar Gangavati', 'Ravi C', 'Husband', 'DURGA SHRAVANI .'),
(10, '2023-07-10', 'MISBA', 'M', '.', '7411526893', 'afsarbanum5@gmail.com', 'AURPM7996G', 'GANGAVATI', 'A+', 'Female', 'STATE BANK OF INDIA', '35071215732', 'SBIN0020204', 'GANGAVATI', 'MUKTHAR. M', 'FATHER', 'MISBA M .'),
(11, '2023-07-24', 'Udayakumar', 'Ranagappa', 'Hosamani', '7795769123', 'udayrh9@gmail.com', 'AMAPH9691L', 'At/Post Agasanakoppa', 'O+', 'Male', 'SBI', '36696958204', 'SBIN0001314', 'Kerur', 'Soubagya', 'Wife', 'Udayakumar Ranagappa Hosamani'),
(12, '2023-07-28', 'ASHWINI', 'SHIVARAJ', 'HADAGAL', '7411333100', 'ashwini.s.hadagal@gmail.com', 'EPVPP7211A', 'NEAR OLD IB EXTENSION AREA BAGALKOT', 'O+', 'Female', 'Stat bank of india', '38760438334', 'SBIN0040777', 'Navanagar', 'SSHIVARAJ', 'Husband', 'ASHWINI SHIVARAJ HADAGAL'),
(13, '2023-08-03', 'T. LAKSHMAN RAO', '.', '.', '9449342333', 'lakshmanrao80.sbi@gmail.com', 'AOWPR9252H', 'Vivekananda Nagar. Hospet', 'B+', 'Male', 'SBI', '10820731636', 'SBIN0000763', 'Hospet', 'T. Ashwini', 'Wife', 'T. LAKSHMAN RAO . .'),
(14, '2023-08-10', 'MAHEK', 'SANIYA', '.', '7019684502', 'mahek506@gmail.com', 'HGEPM1490K', 'Ward no 4, Gangavati', 'O+', 'Female', 'STATE BANK OF INDIA', '42112340461', 'SBIN0009752', 'GANGAVATI', 'SAHERA BEGUM', 'MOTHER', 'MAHEK SANIYA .'),
(15, '2023-08-25', 'Mukthar ', '.', 'M', '9036530418', 'mukthar.mudgal@gmail.com', 'AURPM7996G', 'Gangavathi', 'A+', 'Male', 'STATE BANK OF INDIA', '30843584324', 'SBIN0009752', 'GANGAVATHI', 'AFSAR BANU M', 'WIFE', 'Mukthar  . M'),
(16, '2023-09-10', 'LAKSHMI', '.', 'G A', '8105613265', 'gouthamgondkar@gmail.com', 'FBVPA5893L', 'HOSPET', 'A+', 'Female', 'CANARA BANK', '110131194328', 'CNRB0010603', 'HOSPET', 'GOUTHAM G N', 'HUSBAND', 'LAKSHMI . G A'),
(17, '2023-09-11', 'ALOK', 'RAI', '.', '8400092331', 'raialok0107@gmail.com', 'AOFPR7199C', 'GOPAL PUR, KAKARAHI, GORAKHPUR.', 'B+', 'Male', 'INDIAN BANK', '21598190322', 'IDIB000P510', 'PADOULI GORAKHPUR', 'ANAMIKA RAI', 'WIFE', 'ALOK RAI .'),
(18, '2023-09-11', 'C', 'RAVINDRA', '.', '7353764707', 'ravi@gmail.com', 'ALTPR8660H', 'GANGAVATI', 'A+', 'Male', 'AXIS BANK', '910010013411708', 'UTIB0000617', 'GANGAVATI', 'DURGA SHRAVANI', 'WIFE', 'C RAVINDRA .'),
(19, '2023-09-12', 'SAMUEL', 'SALADIN', '.', '7892985831', 'ktsamuels123@gmail.com', 'BLPPS6808D', 'GANGAVATI', 'A+', 'Male', 'STATE BANK OF INDIA', '10809549606', 'SBIN0009752', 'GANGAVATI', 'GRACY', 'WIFE', 'SAMUEL SALADIN .'),
(20, '2023-09-13', 'Shivakumar', 'M', 'Pujar', '8123312337', 'pujarshivukumar@gmail.com', 'AXEPP3147Q', 'Near Dhanush hospital station road Bagalkot ', 'O+', 'Male', 'IDBI BANK', '1071104000204293', 'IDBI0001071', 'Bagalkot', 'Renuka', 'Mother', 'Shivakumar M Pujar'),
(21, '2023-09-13', 'Chandrashekhar', 'S', 'Kangal', '9036250663', 'chandukanagal@gmail.com', 'BPUPK7033K', 'Near Danush hospital Bagalkot ', 'B+', 'Male', 'Sbi', '40148346646', 'SBIN0040256', 'Bagalkot', 'Jayashree', 'Wife', 'Chandrashekhar S Kangal'),
(22, '2023-09-20', 'Hulagappa ', '.', '.', '9880732702', 'hulgappa@gmail.com', 'AFMPH4261H', 'Gangavathi', 'A+', 'Male', 'IDBI BANK', '1543104000023296', 'IBKL0001543', 'Gangavathi', 'Lakshmi', 'Wife', 'Hulagappa  . .'),
(23, '2023-09-20', 'Uma', 'C', 'Ganiger', '8884757313', 'ganigerchandrashekhar@gmail.co', 'BTIPG7020G', 'w/no 10 near Durga vihar jambagi house Sri nilaya Bagalkot ', 'O+', 'Female', 'Sbi', '31689448595', 'SBIN0000979', 'Bagalkot', 'Chandrashekar', 'Husband', 'Uma C Ganiger'),
(24, '2023-10-10', 'Suvarna', 'L', 'Chavvannavar', '9741498809', 'laxmanmuttatti@gmail.com', 'CKAPM2323N', 'Bagalkot', 'A+', 'Female', 'Hdfc bank', '50100418128181', 'HDFC0000767', 'Bagalkot', 'Laxman', 'Husband', 'Suvarna L Chavvannavar'),
(25, '2023-10-19', 'Chandrashekar ', 'M', 'Ganiger', '9902750686', 'ganigerchandrashekhar@gmail.co', 'AOYPG9982M', 'Bagalkot', 'O+', 'Male', 'Sbi', '63024244103', 'SBIN0000812', 'Bagalkot', 'Uma ', 'Husband', 'Chandrashekar  M Ganiger'),
(26, '2023-10-10', 'Laxman', 'R', 'Muttatti', '9741498809', 'laxmanmuttatti@gmail.com', 'CKAPM2323N', 'Bagalkot', 'AB+', 'Male', 'Hdfc bank', '50100349573181', 'HDFC0000767', 'BAGALKOT', 'Suvarna', 'Wife', 'Laxman R Muttatti');

-- --------------------------------------------------------

--
-- Table structure for table `sms`
--

CREATE TABLE `sms` (
  `sms_id` int(10) NOT NULL,
  `number` varchar(20) NOT NULL,
  `msg` varchar(50) NOT NULL,
  `date` date NOT NULL,
  `time` varchar(50) NOT NULL
) ENGINE=MyISAM DEFAULT CHARSET=latin1;

--
-- Dumping data for table `sms`
--

INSERT INTO `sms` (`sms_id`, `number`, `msg`, `date`, `time`) VALUES
(1, '0000000000', 'Welcome, Log-link: www.supremebgk.com , user name:', '2023-05-06', '04:22:21'),
(2, '8884346547', 'Welcome, Log-link: www.supremebgk.com , user name:', '2023-05-08', '01:07:57'),
(3, '8884346547', 'Dear Customer /nYour Amount Rupees of: 100000, /nS', '2023-05-08', '01:19:03'),
(4, '0000000000', 'Welcome, Log-link: www.supremebgk.com , user name:', '2023-05-08', '22:28:24'),
(5, '7353231800', 'Welcome, Log-link: www.supremebgk.com , user name:', '2023-05-09', '00:06:12'),
(6, '7353231800', 'Dear Customer /nYour Amount Rupees of: 450000, /nS', '2023-05-09', '00:14:05'),
(7, '7353231800', 'Rs :50000, Withdrawaled Successfully From Your Acc', '2023-05-09', '00:17:48'),
(8, '7892412765', 'Welcome, Log-link: www.supremebgk.com , user name:', '2023-05-09', '03:26:54'),
(9, '7892412765', 'Dear Customer /nYour Amount Rupees of: 100000, /nS', '2023-05-09', '03:29:26'),
(10, '7892412765', 'Dear Customer /nYour Amount Rupees of: 100000, /nS', '2023-05-09', '03:58:13'),
(11, '9886646584', 'Welcome, Log-link: www.supremebgk.com , user name:', '2023-05-16', '23:21:57'),
(12, '9886646584', 'Dear Customer /nYour Amount Rupees of: 2000000, /n', '2023-05-16', '23:26:17'),
(13, '9972779126', 'Welcome, Log-link: www.supremebgk.com , user name:', '2023-05-21', '06:54:49'),
(14, '9972779126', 'Dear Customer /nYour Amount Rupees of: 50000, /nSu', '2023-05-21', '06:56:11'),
(15, '9591077162', 'Welcome, Log-link: www.supremebgk.com , user name:', '2023-06-03', '23:44:08'),
(16, '7022155632', 'Welcome, Log-link: www.supremebgk.com , user name:', '2023-06-03', '23:54:04'),
(17, '7022155632', 'Dear Customer /nYour Amount Rupees of: 100000, /nS', '2023-06-03', '23:55:15'),
(18, '7411526893', 'Welcome, Log-link: www.supremebgk.com , user name:', '2023-06-15', '23:11:57'),
(19, '9742999768', 'Welcome, Log-link: www.supremebgk.com , user name:', '2023-07-02', '00:34:50'),
(20, '9742999768', 'Dear Customer /nYour Amount Rupees of: 200000, /nS', '2023-07-02', '00:36:26'),
(21, '6360388143', 'Welcome, Log-link: www.supremebgk.com , user name:', '2023-07-10', '00:56:24'),
(22, '6360388143', 'Dear Customer /nYour Amount Rupees of: 100000, /nS', '2023-07-10', '01:03:23'),
(23, '7411526893', 'Dear Customer /nYour Amount Rupees of: 50000, /nSu', '2023-07-10', '05:35:06'),
(24, '7411526893', 'Welcome, Log-link: www.supremebgk.com , user name:', '2023-07-10', '05:42:56'),
(25, '7411526893', 'Dear Customer /nYour Amount Rupees of: 50000, /nSu', '2023-07-10', '05:46:06'),
(26, '7795769123', 'Welcome, Log-link: www.supremebgk.com , user name:', '2023-07-23', '22:46:29'),
(27, '7411333100', 'Welcome, Log-link: www.supremebgk.com , user name:', '2023-07-28', '01:55:37'),
(28, '9449342333', 'Welcome, Log-link: www.supremebgk.com , user name:', '2023-08-03', '02:53:03'),
(29, '7019684502', 'Welcome, Log-link: www.supremebgk.com , user name:', '2023-08-10', '02:05:09'),
(30, '7019684502', 'Dear Customer /nYour Amount Rupees of: 1,00,000, /', '2023-08-10', '02:13:36'),
(31, '7411333100', 'Dear Customer /nYour Amount Rupees of: 50000, /nSu', '2023-08-14', '07:08:38'),
(32, '7019684502', 'Dear Customer /nYour Amount Rupees of: 100000, /nS', '2023-08-25', '05:22:16'),
(33, '9036530418', 'Welcome, Log-link: www.supremebgk.com , user name:', '2023-08-25', '05:47:51'),
(34, '735376470 ', 'Welcome, Log-link: www.supremebgk.com , user name:', '2023-09-11', '04:20:36'),
(35, '7353764707', 'Dear Customer /nYour Amount Rupees of: 100000, /nS', '2023-09-11', '04:24:54'),
(36, '7892985831', 'Welcome, Log-link: www.supremebgk.com , user name:', '2023-09-12', '02:03:28'),
(37, '7892985831', 'Dear Customer /nYour Amount Rupees of: 100000, /nS', '2023-09-12', '02:06:14'),
(38, '8123312337', 'Welcome, Log-link: www.supremebgk.com , user name:', '2023-09-13', '06:01:09'),
(39, '8123312337', 'Dear Customer /nYour Amount Rupees of: 25000, /nSu', '2023-09-13', '06:02:55'),
(40, '9036250663', 'Welcome, Log-link: www.supremebgk.com , user name:', '2023-09-13', '06:08:23'),
(41, '9036250663', 'Dear Customer /nYour Amount Rupees of: 25000, /nSu', '2023-09-13', '06:11:07'),
(42, '9880732702', 'Welcome, Log-link: www.supremebgk.com , user name:', '2023-09-20', '05:23:54'),
(43, '9880732702', 'Dear Customer /nYour Amount Rupees of: 30000, /nSu', '2023-09-20', '05:25:44'),
(44, '8884757313', 'Welcome, Log-link: www.supremebgk.com , user name:', '2023-09-20', '08:09:49'),
(45, '8884757313', 'Dear Customer /nYour Amount Rupees of: 25000, /nSu', '2023-09-20', '08:12:39'),
(46, '8105613265', 'Rs :100000, Withdrawaled Successfully From Your Ac', '2023-10-02', '22:12:14'),
(47, '8105613265', 'Rs :100000, Withdrawaled Successfully From Your Ac', '2023-10-02', '22:13:03'),
(48, '9741498809', 'Welcome, Log-link: www.supremebgk.com , user name:', '2023-10-11', '05:50:19'),
(49, '9741498809', 'Dear Customer /nYour Amount Rupees of: 25000, /nSu', '2023-10-11', '05:51:56'),
(50, '9902750686', 'Welcome, Log-link: www.supremebgk.com , user name:', '2023-10-24', '20:48:51'),
(51, '9902750686', 'Dear Customer /nYour Amount Rupees of: 800000, /nS', '2023-10-24', '20:51:56'),
(52, '9741498809', 'Welcome, Log-link: www.supremebgk.com , user name:', '2023-10-24', '21:02:04'),
(53, '9741498809', 'Dear Customer /nYour Amount Rupees of: 165000, /nS', '2023-10-24', '21:04:19'),
(54, '7892412765', 'Dear Customer /nYour Amount Rupees of: 40000, /nSu', '2023-12-04', '23:12:18'),
(55, '7022155632', 'Rs :50000, Withdrawaled Successfully From Your Acc', '2023-12-16', '21:46:06'),
(56, '7022155632', 'Rs :80000, Withdrawaled Successfully From Your Acc', '2024-01-03', '21:34:35'),
(57, '9741498809', 'Rs :165000, Withdrawaled Successfully From Your Ac', '2024-01-22', '22:49:58'),
(58, '9741498809', 'Rs :25000, Withdrawaled Successfully From Your Acc', '2024-01-22', '22:51:05');

-- --------------------------------------------------------

--
-- Table structure for table `widraw`
--

CREATE TABLE `widraw` (
  `wid` int(50) NOT NULL,
  `cid` int(50) NOT NULL,
  `inv_id` int(50) NOT NULL,
  `wdate` date NOT NULL,
  `wamt` double NOT NULL,
  `year` int(10) NOT NULL,
  `month` varchar(10) NOT NULL,
  `path` varchar(90) NOT NULL
) ENGINE=InnoDB DEFAULT CHARSET=utf8mb4;

--
-- Dumping data for table `widraw`
--

INSERT INTO `widraw` (`wid`, `cid`, `inv_id`, `wdate`, `wamt`, `year`, `month`, `path`) VALUES
(1, 16, 15, '2023-09-10', 100000, 2023, 'Sep', ''),
(2, 16, 14, '2023-09-10', 100000, 2023, 'Sep', ''),
(3, 6, 0, '2023-12-17', 50000, 2023, 'Dec', ''),
(4, 6, 5, '2023-12-27', 80000, 2023, 'Dec', ''),
(5, 26, 0, '2024-01-23', 165000, 2024, 'Jan', ''),
(6, 24, 0, '2024-01-23', 25000, 2024, 'Jan', '');

--
-- Indexes for dumped tables
--

--
-- Indexes for table `fd`
--
ALTER TABLE `fd`
  ADD PRIMARY KEY (`fd_id`);

--
-- Indexes for table `invest`
--
ALTER TABLE `invest`
  ADD PRIMARY KEY (`id`);

--
-- Indexes for table `login`
--
ALTER TABLE `login`
  ADD PRIMARY KEY (`logid`);

--
-- Indexes for table `log_info`
--
ALTER TABLE `log_info`
  ADD PRIMARY KEY (`logg_id`);

--
-- Indexes for table `log_permission`
--
ALTER TABLE `log_permission`
  ADD PRIMARY KEY (`log_per_id`);

--
-- Indexes for table `referal`
--
ALTER TABLE `referal`
  ADD PRIMARY KEY (`refid`);

--
-- Indexes for table `register`
--
ALTER TABLE `register`
  ADD PRIMARY KEY (`cid`);

--
-- Indexes for table `sms`
--
ALTER TABLE `sms`
  ADD PRIMARY KEY (`sms_id`);

--
-- Indexes for table `widraw`
--
ALTER TABLE `widraw`
  ADD PRIMARY KEY (`wid`);

--
-- AUTO_INCREMENT for dumped tables
--

--
-- AUTO_INCREMENT for table `fd`
--
ALTER TABLE `fd`
  MODIFY `fd_id` int(50) NOT NULL AUTO_INCREMENT;

--
-- AUTO_INCREMENT for table `invest`
--
ALTER TABLE `invest`
  MODIFY `id` int(50) NOT NULL AUTO_INCREMENT, AUTO_INCREMENT=27;

--
-- AUTO_INCREMENT for table `login`
--
ALTER TABLE `login`
  MODIFY `logid` int(50) NOT NULL AUTO_INCREMENT, AUTO_INCREMENT=45;

--
-- AUTO_INCREMENT for table `log_info`
--
ALTER TABLE `log_info`
  MODIFY `logg_id` bigint(50) NOT NULL AUTO_INCREMENT, AUTO_INCREMENT=267;

--
-- AUTO_INCREMENT for table `log_permission`
--
ALTER TABLE `log_permission`
  MODIFY `log_per_id` bigint(50) NOT NULL AUTO_INCREMENT, AUTO_INCREMENT=12;

--
-- AUTO_INCREMENT for table `referal`
--
ALTER TABLE `referal`
  MODIFY `refid` int(50) NOT NULL AUTO_INCREMENT, AUTO_INCREMENT=36;

--
-- AUTO_INCREMENT for table `register`
--
ALTER TABLE `register`
  MODIFY `cid` int(50) NOT NULL AUTO_INCREMENT, AUTO_INCREMENT=27;

--
-- AUTO_INCREMENT for table `sms`
--
ALTER TABLE `sms`
  MODIFY `sms_id` int(10) NOT NULL AUTO_INCREMENT, AUTO_INCREMENT=59;

--
-- AUTO_INCREMENT for table `widraw`
--
ALTER TABLE `widraw`
  MODIFY `wid` int(50) NOT NULL AUTO_INCREMENT, AUTO_INCREMENT=7;
COMMIT;

/*!40101 SET CHARACTER_SET_CLIENT=@OLD_CHARACTER_SET_CLIENT */;
/*!40101 SET CHARACTER_SET_RESULTS=@OLD_CHARACTER_SET_RESULTS */;
/*!40101 SET COLLATION_CONNECTION=@OLD_COLLATION_CONNECTION */;
